FID,CODE,NAME,SERIAL,LABEL,PO_NAME,NAME0,x_centr,y_centr
0,00018,Outarea,"3,341.000000000000000",00018,Los Padres NTL Forest,Los Padres Ntl Forest,-118.920701089000000,34.521767673200003
1,90001,Los Angeles,"2,057.000000000000000",90001,Los Angeles,Florence,-118.249830511000000,33.974094763399997
2,90002,Los Angeles,"2,058.000000000000000",90002,Los Angeles,Watts,-118.247016259000010,33.949092795600002
3,90003,Los Angeles,"2,059.000000000000000",90003,Los Angeles,Broadway Manchester,-118.273917114000000,33.964120870400002
4,90004,Los Angeles,"2,060.000000000000000",90004,Los Angeles,Oakwood,-118.311375000000000,34.076243493200003
5,90005,Los Angeles,"2,061.000000000000000",90005,Los Angeles,Sanford,-118.308781397000000,34.059048707199999
6,90006,Los Angeles,"2,062.000000000000000",90006,Los Angeles,Pico Heights,-118.294092617000000,34.048026241099997
7,90007,Los Angeles,"2,063.000000000000000",90007,Los Angeles,Dockweiler,-118.285086221000000,34.027691948300003
8,90008,Los Angeles,"2,064.000000000000000",90008,Los Angeles,Crenshaw,-118.348145985000000,34.009028968999999
9,90010,Los Angeles,"2,065.000000000000000",90010,Los Angeles,Los Angeles,-118.313460785000000,34.062828017900003
10,90011,Los Angeles,"2,066.000000000000000",90011,Los Angeles,Washington,-118.258755461000010,34.007508674999997
11,90012,Los Angeles,"2,067.000000000000000",90012,Los Angeles,Main Office Area 1,-118.238611903000010,34.065829094599998
12,90013,Los Angeles,"2,068.000000000000000",90013,Los Angeles,Main Office Area 2,-118.241711701000000,34.044397226900003
13,90014,Los Angeles,"2,069.000000000000000",90014,Los Angeles,Metropolitan,-118.252294327000000,34.043162346300001
14,90015,Los Angeles,"2,070.000000000000000",90015,Los Angeles,Del Valle,-118.266778329999990,34.039702295900000
15,90016,Los Angeles,"2,071.000000000000000",90016,Los Angeles,West Adams,-118.354173333000010,34.028428641900000
16,90017,Los Angeles,"2,072.000000000000000",90017,Los Angeles,Foy,-118.264673063999990,34.053070832499998
17,90018,Los Angeles,"2,073.000000000000000",90018,Los Angeles,Dockweiler,-118.317715084000000,34.028047473000001
18,90019,Los Angeles,"2,074.000000000000000",90019,Los Angeles,Rimpau,-118.338619378999990,34.048660861899997
19,90020,Los Angeles,"2,075.000000000000000",90020,Los Angeles,Sanford Area 3,-118.310343213000000,34.066328826800003
20,90021,Los Angeles,"2,076.000000000000000",90021,Los Angeles,Market,-118.238877118000000,34.029224622699999
21,90022,Los Angeles,"2,077.000000000000000",90022,Los Angeles,East Los Angeles,-118.155827908000010,34.024784189199998
22,90023,Los Angeles,"2,078.000000000000000",90023,Los Angeles,Lugo,-118.200019818000000,34.018297706600002
23,90024,Los Angeles,"2,079.000000000000000",90024,Los Angeles,Village,-118.435046403000000,34.065341367300000
24,90025,Los Angeles,"2,080.000000000000000",90025,Los Angeles,West Los Angeles,-118.446600085000000,34.045021258100000
25,90026,Los Angeles,"2,081.000000000000000",90026,Los Angeles,Echo Park,-118.263778738000000,34.078766033400001
26,90027,Los Angeles,"2,082.000000000000000",90027,Los Angeles,Los Feliz,-118.290626544999990,34.125071049900001
27,90028,Los Angeles,"2,083.000000000000000",90028,Los Angeles,Hollywood,-118.326718521000000,34.099777786799997
28,90029,Los Angeles,"2,084.000000000000000",90029,Los Angeles,Los Feliz Area 1,-118.294569880000000,34.089761101500002
29,90031,Los Angeles,"2,085.000000000000000",90031,Los Angeles,Lincoln Heights,-118.211455804000000,34.079584497500001
30,90032,Los Angeles,"2,086.000000000000000",90032,Los Angeles,El Sereno,-118.178014498000000,34.080963291700002
31,90033,Los Angeles,"2,087.000000000000000",90033,Los Angeles,Boyle,-118.210843084999990,34.050216400399997
32,90034,Los Angeles,"2,088.000000000000000",90034,Los Angeles,Palms,-118.399508126000000,34.030675890900000
33,90035,Los Angeles,"2,089.000000000000000",90035,Los Angeles,Preuss,-118.383664174000000,34.051807748900004
34,90036,Los Angeles,"2,090.000000000000000",90036,Los Angeles,Farmers Market,-118.350102175000000,34.070368207500003
35,90037,Los Angeles,"2,091.000000000000000",90037,Los Angeles,Green,-118.287491402000000,34.002745246000003
36,90038,Los Angeles,"2,092.000000000000000",90038,Los Angeles,Wilcox,-118.326659812000000,34.088973713000001
37,90039,Los Angeles,"2,093.000000000000000",90039,Los Angeles,Griffith,-118.261234579000000,34.112365283700001
38,90040,Los Angeles,"2,094.000000000000000",90040,Los Angeles,City of Commerce,-118.150672208000000,33.993420317800002
39,90041,Los Angeles,"2,095.000000000000000",90041,Los Angeles,Eagle Rock,-118.207265459000000,34.137116653600003
40,90042,Los Angeles,"2,096.000000000000000",90042,Los Angeles,Highland Park,-118.191878715000000,34.115180356099998
41,90043,Los Angeles,"2,097.000000000000000",90043,Los Angeles,La Tijera,-118.335093525999990,33.988723394499999
42,90044,Los Angeles,"2,098.000000000000000",90044,Los Angeles,Hancock,-118.291495354000010,33.953030591900003
43,90045,Los Angeles,"2,099.000000000000000",90045,Los Angeles,Ladera Heights,-118.401243218999990,33.953109437099997
44,90046,Los Angeles,"2,100.000000000000000",90046,Los Angeles,Cole,-118.364758622000000,34.107225796000002
45,90047,Los Angeles,"2,101.000000000000000",90047,Los Angeles,Wagner,-118.308763239000000,33.953937593200003
46,90048,Los Angeles,"2,102.000000000000000",90048,Los Angeles,Bicentennial,-118.372807448000000,34.073091750499998
47,90049,Los Angeles,"2,103.000000000000000",90049,Los Angeles,Barrington,-118.488120413000000,34.086869320799998
48,90056,Los Angeles,"2,104.000000000000000",90056,Los Angeles,Crenshaw,-118.373733970999990,33.993089002200001
49,90057,Los Angeles,"2,105.000000000000000",90057,Los Angeles,Foy,-118.277413060000000,34.062209438099998
50,90058,Los Angeles,"2,106.000000000000000",90058,Los Angeles,Vernon,-118.221888163000000,34.001605196400000
51,90059,Los Angeles,"2,107.000000000000000",90059,Los Angeles,Greenmead,-118.249948143000000,33.925621090999996
52,90061,Los Angeles,"2,108.000000000000000",90061,Los Angeles,Greenmead Area 2,-118.274010812000000,33.920470356800003
53,90062,Los Angeles,"2,109.000000000000000",90062,Los Angeles,Westvern,-118.308837767000000,34.003397243499997
54,90063,Los Angeles,"2,110.000000000000000",90063,Los Angeles,Hazard,-118.185370456000000,34.044197395499999
55,90064,Los Angeles,"2,111.000000000000000",90064,Los Angeles,Rancho Park,-118.424228838999990,34.037212232300000
56,90065,Los Angeles,"2,112.000000000000000",90065,Los Angeles,Glassell,-118.227967979000000,34.109368798200002
57,90066,Los Angeles,"2,113.000000000000000",90066,Los Angeles,Mar Vista,-118.431191961000000,34.001957596600000
58,90067,Los Angeles,"2,114.000000000000000",90067,Los Angeles,Century City,-118.414120983999990,34.057674045200002
59,90068,Los Angeles,"2,115.000000000000000",90068,Los Angeles,Hollywood Area 2,-118.328754553000000,34.128017541100000
60,90069,West Hollywood,"2,116.000000000000000",90069,Los Angeles,West,-118.381507815000010,34.094289695800001
61,90071,Los Angeles,"2,117.000000000000000",90071,Los Angeles,Arco-Plaza,-118.255583521999990,34.052446815200000
62,90073,Los Angeles,"2,118.000000000000000",90073,Los Angeles,Los Angeles,-118.451492315000000,34.059195332700000
63,90077,Los Angeles,"2,119.000000000000000",90077,Los Angeles,Village Area 2,-118.455487315000000,34.105070950900000
64,90089,Los Angeles,"2,120.000000000000000",90089,Los Angeles,University Of Southern C,-118.288344954000000,34.021857647399997
65,90094,Los Angeles,"2,121.000000000000000",90094,Los Angeles,Los Angeles,-118.417008452999990,33.975987761399999
66,90095,Los Angeles,"2,122.000000000000000",90095,Los Angeles,Ucla,-118.442637163000000,34.070337469300000
67,90201,Bell,"2,123.000000000000000",90201,Bell,Bell,-118.170621344000000,33.970677822200003
68,90210,Beverly Hills,"2,124.000000000000000",90210,Beverly Hills,Beverly Hills,-118.414692376999990,34.101990737100003
69,90211,Beverly Hills,"2,125.000000000000000",90211,Beverly Hills,Eastgate,-118.383155872000000,34.064914599200002
70,90212,Beverly Hills,"2,126.000000000000000",90212,Beverly Hills,Olympic,-118.401522222000000,34.062073900300000
71,90220,Compton,"2,127.000000000000000",90220,Compton,Compton,-118.237102869000000,33.879385068900000
72,90221,Compton,"2,128.000000000000000",90221,Compton,Main Office Area 3,-118.205790650000000,33.886068594800001
73,90222,Compton,"2,129.000000000000000",90222,Compton,Willow Brook,-118.235695089000000,33.912681018000001
74,90230,Culver City,"2,130.000000000000000",90230,Los Angeles,Culver City,-118.399336074000000,33.994945938000001
75,90232,Culver City,"2,131.000000000000000",90232,Culver City,Gateway,-118.391991160000000,34.017911764300003
76,90240,Downey,"2,132.000000000000000",90240,Downey,Downey,-118.118127239000000,33.956770700400000
77,90241,Downey,"2,133.000000000000000",90241,Downey,Main Office Area 2,-118.128521547999990,33.940846994899999
78,90242,Downey,"2,134.000000000000000",90242,Downey,Los Amigos,-118.141449919000000,33.922305851300003
79,90245,El Segundo,"2,135.000000000000000",90245,El Segundo,El Segundo,-118.402125695000000,33.917023930399999
80,90247,Gardena,"2,136.000000000000000",90247,Gardena,Gardena,-118.297584838000010,33.891256295100000
81,90248,Gardena,"2,137.000000000000000",90248,Gardena,Main Office Area 2,-118.284279183000000,33.877955943899998
82,90249,Gardena,"2,138.000000000000000",90249,Gardena,Alondra,-118.317203757000000,33.901468786999999
83,90250,Hawthorne,"2,139.000000000000000",90250,Hawthorne,Hawthorne,-118.348637635000000,33.914766359900000
84,90254,Hermosa Beach,"2,140.000000000000000",90254,Hermosa Beach,Hermosa Beach,-118.396560320000010,33.865217054799999
85,90255,Huntington Park,"2,141.000000000000000",90255,Huntington Park,Huntington Park,-118.217234731000000,33.977000167400000
86,90260,Lawndale,"2,142.000000000000000",90260,Lawndale,Lawndale,-118.352915735000000,33.889225721899997
87,90262,Lynwood,"2,143.000000000000000",90262,Lynwood,Lynwood,-118.200946648000000,33.923628292499998
88,90263,Malibu,"2,144.000000000000000",90263,Malibu,Malibu,-118.708158643999990,34.039243321999997
89,90265,Malibu,"2,145.000000000000000",90265,Malibu,Malibu,-118.816433011000000,34.065563050500003
90,90266,Manhattan Beach,"2,146.000000000000000",90266,Manhattan Beach,Manhattan Beach,-118.397319386000010,33.889389888300002
91,90270,Maywood,"2,147.000000000000000",90270,Bell,Maywood,-118.187892558000000,33.988619661400001
92,90272,Pacific Palisades,"2,148.000000000000000",90272,Pacific Palisades,Pacific Palisades,-118.544385056000000,34.079762665899999
93,90274,Palos Verdes Peninsula,"2,149.000000000000000",90274,Palos Verdes Peninsula,Palos Verdes Peninsula,-118.368524205000000,33.777079038899998
94,90275,Rancho Palos Verdes,"2,150.000000000000000",90275,Palos Verdes Peninsula,Palos Verdes Peninsula,-118.363074565000010,33.755286253900003
95,90277,Redondo Beach,"2,151.000000000000000",90277,Redondo Beach,Redondo Beach,-118.384020117000010,33.830442355800002
96,90278,Redondo Beach,"2,152.000000000000000",90278,Redondo Beach,North Redondo Beach,-118.370278060999990,33.873367236599996
97,90280,South Gate,"2,153.000000000000000",90280,South Gate,South Gate,-118.192009549000010,33.944394213700001
98,90290,Topanga,"2,154.000000000000000",90290,Topanga,Topanga,-118.611527378999990,34.101923476400003
99,90291,Venice,"2,155.000000000000000",90291,Venice,Venice,-118.463744019999990,33.993974574200003
100,90292,Marina del Rey,"2,156.000000000000000",90292,Venice,Marina Del Rey,-118.446445212000000,33.978881400200002
101,90293,Playa del Rey,"2,157.000000000000000",90293,Venice,Playa Del Rey,-118.438507284000000,33.951651893799998
102,90301,Inglewood,"2,158.000000000000000",90301,Inglewood,Main Office Area 1,-118.358630633000000,33.956418246600002
103,90302,Inglewood,"2,159.000000000000000",90302,Inglewood,North Inglewood,-118.355177228000000,33.974611612399997
104,90303,Inglewood,"2,160.000000000000000",90303,Inglewood,Crenshaw Imperial,-118.331044791000000,33.936310309200003
105,90304,Inglewood,"2,161.000000000000000",90304,Inglewood,Lennox,-118.358684550000010,33.937025087899997
106,90305,Inglewood,"2,162.000000000000000",90305,Inglewood,Morningside Park,-118.331157803000000,33.958324256399997
107,90401,Santa Monica,"2,163.000000000000000",90401,Santa Monica,Main Office Carriers,-118.493038224000000,34.014949941399998
108,90402,Santa Monica,"2,164.000000000000000",90402,Santa Monica,Main Office Area 2,-118.503418700000000,34.035040321600000
109,90403,Santa Monica,"2,165.000000000000000",90403,Santa Monica,Will Rogers,-118.490537426000000,34.030658676400002
110,90404,Santa Monica,"2,166.000000000000000",90404,Santa Monica,Detached Mails Unit # 1,-118.473699262000000,34.026738463699999
111,90405,Santa Monica,"2,167.000000000000000",90405,Santa Monica,Ocean Park,-118.468881860000000,34.011431324999997
112,90501,Torrance,"2,168.000000000000000",90501,Torrance,Marcelina,-118.314270209000000,33.833559920699997
113,90502,Torrance,"2,169.000000000000000",90502,Torrance,Main Office,-118.293012000000000,33.835175821299998
114,90503,Torrance,"2,170.000000000000000",90503,Torrance,Main Office Area 3,-118.351640510000000,33.841999618499997
115,90504,Torrance,"2,171.000000000000000",90504,Torrance,North Torrance,-118.329902202000000,33.869552808199998
116,90505,Torrance,"2,172.000000000000000",90505,Torrance,Walteria,-118.348284140999990,33.808651565900000
117,90506,Torrance,"2,173.000000000000000",90506,Torrance,El Camino College,-118.332116012000000,33.884174857399998
118,90601,Whittier,"2,174.000000000000000",90601,Whittier,Whittier,-118.029805321000000,34.001571998800003
119,90602,Whittier,"2,175.000000000000000",90602,Whittier,Bailey Area 2,-118.030906917000000,33.969961730800001
120,90603,Whittier,"2,176.000000000000000",90603,Whittier,Perry,-117.991782077000000,33.945705860200000
121,90604,Whittier,"2,177.000000000000000",90604,Whittier,Perry Area 2,-118.012801933000010,33.930164008399998
122,90605,Whittier,"2,178.000000000000000",90605,Whittier,South Whittier,-118.023436997999990,33.949382731400000
123,90606,Whittier,"2,179.000000000000000",90606,Whittier,Los Nietos,-118.065950828000000,33.977235375399999
124,90620,Buena Park,"2,496.000000000000000",90620,Buena Park,Buena Park,-118.011487999000000,33.846338358600001
125,90621,Buena Park,"2,497.000000000000000",90621,Buena Park,A Area 2,-117.993249738000000,33.874951832900003
126,90623,La Palma,"2,498.000000000000000",90623,Buena Park,Main Office Area 1,-118.040976542000000,33.850473992399998
127,90630,Cypress,"2,499.000000000000000",90630,Cypress,Cypress,-118.038042895999990,33.818063735099997
128,90631,La Habra,"2,500.000000000000000",90631,La Habra,La Habra,-117.951356442999990,33.941921106199999
129,90638,La Mirada,"2,180.000000000000000",90638,La Mirada,La Mirada,-118.009069659999990,33.902421479799997
130,90639,La Mirada,"2,181.000000000000000",90639,La Mirada,Biola University,-118.014807856999990,33.905852541400002
131,90640,Montebello,"2,182.000000000000000",90640,Montebello,Montebello,-118.110937254000010,34.014682735299999
132,90650,Norwalk,"2,183.000000000000000",90650,Norwalk,Norwalk,-118.082811482000000,33.906961699199996
133,90660,Pico Rivera,"2,184.000000000000000",90660,Pico Rivera,Pico Rivera,-118.090743359000000,33.988537502600003
134,90670,Santa Fe Springs,"2,185.000000000000000",90670,Santa Fe Springs,Santa Fe Springs,-118.062381509999990,33.932185024299997
135,90680,Stanton,"2,501.000000000000000",90680,Stanton,Stanton,-117.994810332000000,33.801112207000003
136,90701,Artesia,"2,186.000000000000000",90701,Artesia,Artesia,-118.080697431999990,33.867539455699998
137,90703,Cerritos,"2,187.000000000000000",90703,Artesia,Artesia,-118.068709063000000,33.868011787299999
138,90704,Avalon,"2,188.000000000000000",90704,Avalon,Avalon,-118.456101182000000,33.173870035100002
139,90706,Bellflower,"2,189.000000000000000",90706,Bellflower,Bellflower,-118.127107409999990,33.888038192099998
140,90710,Harbor City,"2,190.000000000000000",90710,Harbor City,Harbor City,-118.299254586000000,33.798166424500003
141,90712,Lakewood,"2,191.000000000000000",90712,Lakewood,Lakewood,-118.146853211000010,33.849260085799997
142,90713,Lakewood,"2,192.000000000000000",90713,Lakewood,Main Office Area 2,-118.112576566000000,33.847912567300000
143,90715,Lakewood,"2,193.000000000000000",90715,Lakewood,Hawaiian Gardens,-118.078845169000000,33.840518385000003
144,90716,Hawaiian Gardens,"2,194.000000000000000",90716,Lakewood,Hawaiian Gardens,-118.073365428000000,33.830686313999998
145,90717,Lomita,"2,195.000000000000000",90717,Lomita,Lomita,-118.317295125000000,33.793601936800002
146,90720,Los Alamitos,"2,502.000000000000000",90720,Los Alamitos,Los Alamitos,-118.063773916000000,33.795589086000000
147,90723,Paramount,"2,196.000000000000000",90723,Paramount,Paramount,-118.164674276000000,33.897477135000003
148,90731,San Pedro,"2,197.000000000000000",90731,San Pedro,San Pedro,-118.284522924000000,33.741080715800003
149,90732,San Pedro,"2,198.000000000000000",90732,San Pedro,Western Avenue,-118.311461466000000,33.740807303099999
150,90740,Seal Beach,"2,503.000000000000000",90740,Seal Beach,Seal Beach,-118.071270096000010,33.754538851900001
151,90744,Wilmington,"2,199.000000000000000",90744,Wilmington,Wilmington,-118.261182233000000,33.782373236900000
152,90745,Carson,"2,200.000000000000000",90745,Long Beach,Carson,-118.262088874000000,33.822556851700000
153,90746,Carson,"2,201.000000000000000",90746,Long Beach,Carson Area 2,-118.260068940000000,33.860200041699997
154,90747,Carson,"2,202.000000000000000",90747,Long Beach,Long Beach,-118.256771189999990,33.862820588100000
155,90755,Signal Hill,"2,203.000000000000000",90755,Long Beach,Long Beach,-118.167235997000010,33.802734474899999
156,90802,Long Beach,"2,204.000000000000000",90802,Long Beach,Main Office Area 1,-118.210981297000000,33.754539532000003
157,90803,Long Beach,"2,205.000000000000000",90803,Long Beach,B,-118.123327770000000,33.761790507599997
158,90804,Long Beach,"2,206.000000000000000",90804,Long Beach,East Long Beach,-118.149740628000000,33.782776159000001
159,90805,Long Beach,"2,207.000000000000000",90805,Long Beach,North Long Beach,-118.180787932000000,33.864821900800003
160,90806,Long Beach,"2,208.000000000000000",90806,Long Beach,Pacific,-118.189205065000000,33.804928527599998
161,90807,Long Beach,"2,209.000000000000000",90807,Long Beach,Bixby,-118.182169003000000,33.830754227600004
162,90808,Long Beach,"2,210.000000000000000",90808,Long Beach,Viking,-118.119337888999990,33.823137557499997
163,90810,Long Beach,"2,211.000000000000000",90810,Long Beach,Cabrillo,-118.221173846000000,33.819303103499998
164,90813,Long Beach,"2,212.000000000000000",90813,Long Beach,Main Office Area 2,-118.201495949999990,33.780726551400001
165,90814,Long Beach,"2,213.000000000000000",90814,Long Beach,Loma,-118.144052174000000,33.771699850399997
166,90815,Long Beach,"2,214.000000000000000",90815,Long Beach,Bryant,-118.115958221000000,33.796238450200001
167,90840,Long Beach,"2,216.000000000000000",90840,Long Beach,Long Beach,-118.114774776999990,33.783956287099997
168,91001,Altadena,"2,217.000000000000000",91001,Altadena,Altadena,-118.138152553000000,34.195193731899998
169,91006,Arcadia,"2,218.000000000000000",91006,Arcadia,Arcadia,-118.027381159000000,34.135880828499999
170,91007,Arcadia,"2,219.000000000000000",91007,Arcadia,Arcadia,-118.047899864000000,34.128794199900000
171,91010,Duarte,"2,220.000000000000000",91010,Duarte,Duarte,-117.958574844000000,34.147071619300000
172,91011,La Canada Flintridge,"2,221.000000000000000",91011,La Canada Flintridge,La Canada,-118.111466123000000,34.224757382200004
173,91016,Monrovia,"2,222.000000000000000",91016,Monrovia,Monrovia,-117.982912834999990,34.166466401999998
174,91020,Montrose,"2,223.000000000000000",91020,Montrose,Montrose,-118.230654989000000,34.211389744100003
175,91024,Sierra Madre,"2,224.000000000000000",91024,Sierra Madre,Sierra Madre,-118.049921731000000,34.169065260099998
176,91030,South Pasadena,"2,225.000000000000000",91030,South Pasadena,South Pasadena,-118.157225190000010,34.110453361600001
177,91040,Sunland,"2,226.000000000000000",91040,Sunland,Sunland,-118.317483981000000,34.274985417899998
178,91042,Tujunga,"2,227.000000000000000",91042,Tujunga,Tujunga,-118.237944429000000,34.282603700300001
179,91101,Pasadena,"2,228.000000000000000",91101,Pasadena,M O Carriers,-118.138878701000000,34.146579160700000
180,91103,Pasadena,"2,229.000000000000000",91103,Pasadena,Rose Bowl,-118.164763077999990,34.166773408899999
181,91104,Pasadena,"2,230.000000000000000",91104,Pasadena,C,-118.123457475000000,34.168036071300001
182,91105,Pasadena,"2,231.000000000000000",91105,Pasadena,D,-118.167552071000000,34.139250431500002
183,91106,Pasadena,"2,232.000000000000000",91106,Pasadena,Catalina,-118.127607205999990,34.139049353899999
184,91107,Pasadena,"2,233.000000000000000",91107,Pasadena,East Pasadena,-118.087256063000000,34.158927009800003
185,91108,San Marino,"2,234.000000000000000",91108,Pasadena,San Marino,-118.113676154000000,34.122364196800000
186,91123,Pasadena,"2,235.000000000000000",91123,Pasadena,Ambassador College,-118.157829613000000,34.142755852500002
187,91201,Glendale,"2,236.000000000000000",91201,Glendale,Grand Central,-118.289069301000000,34.170279911999998
188,91202,Glendale,"2,237.000000000000000",91202,Glendale,North Glendale,-118.267886154000000,34.168301087899998
189,91203,Glendale,"2,238.000000000000000",91203,Glendale,Main Office Area 3,-118.263968590000000,34.152749867099999
190,91204,Glendale,"2,239.000000000000000",91204,Glendale,Tropico,-118.260560498999990,34.136193028199997
191,91205,Glendale,"2,240.000000000000000",91205,Glendale,Main Office Area 5,-118.243511766000000,34.136613531199998
192,91206,Glendale,"2,241.000000000000000",91206,Glendale,Main Office Area 6,-118.213838950000000,34.160580290600002
193,91207,Glendale,"2,242.000000000000000",91207,Glendale,Main Office Area 7,-118.258773887000000,34.184650553300003
194,91208,Glendale,"2,243.000000000000000",91208,Glendale,Main Office Area 8,-118.240427733999990,34.196135373099999
195,91214,La Crescenta,"2,244.000000000000000",91214,Glendale,La Crescenta,-118.245387976000000,34.235632279400001
196,91301,Agoura Hills,"2,245.000000000000000",91301,Agoura Hills,Agoura,-118.756377962000000,34.136499175499999
197,91302,Calabasas,"2,246.000000000000000",91302,Woodland Hills,Calabasas,-118.672364931999990,34.123890178000003
198,91303,Canoga Park,"2,247.000000000000000",91303,Woodland Hills,Canoga Park,-118.601826242000000,34.197897970500001
199,91304,Canoga Park,"2,248.000000000000000",91304,Canoga Park,Canoga Annex,-118.633242025000000,34.224032595099999
200,91306,Winnetka,"2,249.000000000000000",91306,Canoga Park,Winnetka,-118.575908068999990,34.210114073400000
201,91307,West Hills,"2,250.000000000000000",91307,Canoga Park,Collier,-118.678632877000000,34.205163064600001
202,91311,Chatsworth,"2,251.000000000000000",91311,Chatsworth,Chatsworth,-118.604462176000000,34.285639152599998
203,91316,Encino,"2,252.000000000000000",91316,Van Nuys,Encino,-118.516011123000000,34.165184098099999
204,91320,Newbury Park,"3,343.000000000000000",91320,Thousand Oaks,Newbury Park,-118.978872792999990,34.141633546800001
205,91321,Newhall,"2,253.000000000000000",91321,Santa Clarita,Newhall,-118.473783931000000,34.357884406600000
206,91324,Northridge,"2,254.000000000000000",91324,Northridge,Northridge,-118.550203149000000,34.238450500299997
207,91325,Northridge,"2,255.000000000000000",91325,Northridge,Main Office Area 2,-118.518193299000000,34.236861361800003
208,91326,Northridge,"2,256.000000000000000",91326,Northridge,Rancho Area 2,-118.556141876000000,34.280396319200001
209,91330,Northridge,"2,257.000000000000000",91330,Northridge,Cal. State Univ.,-118.526978654000000,34.241760065999998
210,91331,Pacoima,"2,258.000000000000000",91331,Pacoima,Pacoima,-118.420322803000000,34.255838267700000
211,91335,Reseda,"2,259.000000000000000",91335,Tarzana,Reseda,-118.540690502999990,34.201308177100003
212,91340,San Fernando,"2,260.000000000000000",91340,San Fernando,San Fernando,-118.434840863999990,34.287043119499998
213,91342,Sylmar,"2,261.000000000000000",91342,Sylmar,North Annex,-118.300841690000000,34.350111041799998
214,91343,North Hills,"2,262.000000000000000",91343,Northridge,Norwood Center,-118.480747308999990,34.238421226400000
215,91344,Granada Hills,"2,263.000000000000000",91344,San Fernando,North Hills,-118.506078629000000,34.291475485200003
216,91345,Mission Hills,"2,264.000000000000000",91345,San Fernando,Mission Hills,-118.460353428000000,34.266452539600003
217,91350,Santa Clarita,"2,265.000000000000000",91350,Santa Clarita,Saugus,-118.514074120000000,34.425679328500003
218,91351,Canyon Country,"2,266.000000000000000",91351,Santa Clarita,Canyon Country,-118.464563582000000,34.431659091500002
219,91352,Sun Valley,"2,267.000000000000000",91352,Sun Valley,Sun Valley,-118.354343081000000,34.230303266800000
220,91354,Valencia,"2,268.000000000000000",91354,Santa Clarita,Santa Clarita,-118.552679665000000,34.451669779900001
221,91355,Valencia,"2,269.000000000000000",91355,Santa Clarita,Valencia,-118.597387054000000,34.416904885999998
222,91356,Tarzana,"2,270.000000000000000",91356,Tarzana,Tarzana,-118.546738627000000,34.153843678699999
223,91360,Thousand Oaks,"3,344.000000000000000",91360,Thousand Oaks,Thousand Oaks,-118.880792908999990,34.214056233500003
224,91361,Westlake Village,"3,345.000000000000000",91361,Thousand Oaks,Main Office Area 1,-118.878207249000000,34.146013082000003
225,91362,Thousand Oaks,"3,346.000000000000000",91362,Thousand Oaks,Main Office Area 2,-118.819462057000000,34.192426778300003
226,91364,Woodland Hills,"2,271.000000000000000",91364,Woodland Hills,Woodland Hills,-118.594998675000000,34.155432672099998
227,91367,Woodland Hills,"2,272.000000000000000",91367,Woodland Hills,Main Office Area 2,-118.616034529000000,34.176384373799998
228,91371,Woodland Hills,"2,273.000000000000000",91371,Woodland Hills,Pierce College,-118.580291012999990,34.183804372099999
229,91377,Oak Park,"3,347.000000000000000",91377,Agoura Hills,Agoura Hills,-118.765270275000010,34.185879514000000
230,91381,Stevenson Ranch,"2,274.000000000000000",91381,Santa Clarita,Newhall,-118.613561265000000,34.366626179800001
231,91384,Castaic,"2,275.000000000000000",91384,Santa Clarita,Castaic,-118.644585245000000,34.554944778600003
232,91387,Canyon Country,"2,276.000000000000000",91387,Santa Clarita,Santa Clarita,-118.410186627000000,34.423303953700000
233,91390,Santa Clarita,"2,277.000000000000000",91390,Santa Clarita,Santa Clarita,-118.394632073000000,34.525317039000001
234,91401,Van Nuys,"2,278.000000000000000",91401,Van Nuys,Civic Center,-118.431513915000000,34.178075450800002
235,91402,Panorama City,"2,279.000000000000000",91402,Van Nuys,Panorama City,-118.444658428000000,34.224238878800001
236,91403,Sherman Oaks,"2,280.000000000000000",91403,Van Nuys,Sherman Oaks,-118.463000011000010,34.146675359400000
237,91405,Van Nuys,"2,281.000000000000000",91405,Van Nuys,Kester,-118.447918903000000,34.201127962400001
238,91406,Van Nuys,"2,282.000000000000000",91406,Van Nuys,Kester Area 2,-118.489647936000000,34.198797270999997
239,91411,Van Nuys,"2,283.000000000000000",91411,Van Nuys,Civic Center Area 2,-118.459089201000000,34.177786626200003
240,91423,Sherman Oaks,"2,284.000000000000000",91423,Van Nuys,Sherman Oaks Area 2,-118.432176996000000,34.147932484400002
241,91436,Encino,"2,285.000000000000000",91436,Van Nuys,Encino Area 2,-118.494308670000000,34.149997527799997
242,91501,Burbank,"2,286.000000000000000",91501,Burbank,Downtown Carriers,-118.298526333000000,34.202897882800002
243,91502,Burbank,"2,287.000000000000000",91502,Burbank,Downtown,-118.309208087000000,34.176809139299998
244,91504,Burbank,"2,288.000000000000000",91504,Burbank,Glenoaks,-118.328941252000010,34.202779830799997
245,91505,Burbank,"2,289.000000000000000",91505,Burbank,Magnolia Park,-118.347872890000000,34.177014159499997
246,91506,Burbank,"2,290.000000000000000",91506,Burbank,Main Office Carriers,-118.323983477000000,34.171306315700001
247,91521,Burbank,"2,291.000000000000000",91521,Burbank,Burbank,-118.325261047000000,34.157095181499997
248,91522,Burbank,"2,292.000000000000000",91522,Burbank,Burbank,-118.337513627000010,34.148501806799999
249,91523,Burbank,"2,293.000000000000000",91523,Burbank,Burbank,-118.333240192999990,34.154356762699997
250,91601,North Hollywood,"2,294.000000000000000",91601,North Hollywood,Main Office Area 1,-118.372059345000000,34.168208336799999
251,91602,North Hollywood,"2,295.000000000000000",91602,North Hollywood,Toluca Lake,-118.365978748000000,34.150724083699998
252,91604,Studio City,"2,296.000000000000000",91604,North Hollywood,Studio City,-118.393139531000000,34.139515030299997
253,91605,North Hollywood,"2,297.000000000000000",91605,North Hollywood,Laurel Canyon,-118.401100306999990,34.206713611200001
254,91606,North Hollywood,"2,298.000000000000000",91606,North Hollywood,Valley Plaza,-118.389003058000000,34.186831276500001
255,91607,Valley Village,"2,299.000000000000000",91607,North Hollywood,Valley Village,-118.399893861000000,34.166447366600003
256,91608,Universal City,"2,300.000000000000000",91608,North Hollywood,North Hollywood,-118.352906717000000,34.138620734699998
257,91701,Rancho Cucamonga,"2,754.000000000000000",91701,Rancho Cucamonga,Alta Loma,-117.600756426999990,34.137963538900003
258,91702,Azusa,"2,301.000000000000000",91702,Azusa,Azusa,-117.908862477000000,34.133603208899999
259,91706,Baldwin Park,"2,302.000000000000000",91706,Baldwin Park,Baldwin Park,-117.967774590999990,34.098457236700000
260,91709,Chino Hills,"2,755.000000000000000",91709,Chino Hills,Los Serranos,-117.725692480000010,33.950655988900003
261,91710,Chino,"2,756.000000000000000",91710,Ontario,Chino,-117.662211385000010,33.990503715000003
262,91711,Claremont,"2,303.000000000000000",91711,Claremont,Claremont,-117.715526541000000,34.126719745800003
263,91722,Covina,"2,304.000000000000000",91722,Covina,Covina,-117.905798207000000,34.097248725999997
264,91723,Covina,"2,305.000000000000000",91723,Covina,Federal,-117.886607928000000,34.084943250099997
265,91724,Covina,"2,306.000000000000000",91724,Covina,Main Office Area 1,-117.855312411000000,34.080785401699998
266,91730,Rancho Cucamonga,"2,757.000000000000000",91730,Rancho Cucamonga,Cucamonga,-117.579540062000010,34.099629747199998
267,91731,El Monte,"2,307.000000000000000",91731,El Monte,El Monte,-118.041464871000000,34.078918215400002
268,91732,El Monte,"2,308.000000000000000",91732,El Monte,Main Office Area 2,-118.014764314000000,34.072308327400002
269,91733,South El Monte,"2,309.000000000000000",91733,El Monte,South El Monte,-118.052880059000000,34.045488681999998
270,91737,Rancho Cucamonga,"2,758.000000000000000",91737,Rancho Cucamonga,Alta Loma,-117.582723813000000,34.151712722699997
271,91739,Rancho Cucamonga,"2,759.000000000000000",91739,Rancho Cucamonga,Etiwanda,-117.525558453000000,34.135242522600002
272,91740,Glendora,"2,310.000000000000000",91740,Glendora,Glendora,-117.853668021999990,34.118543740400000
273,91741,Glendora,"2,311.000000000000000",91741,Glendora,Glendora,-117.840904803000000,34.154311528000001
274,91744,La Puente,"2,312.000000000000000",91744,La Puente,La Puente,-117.937321106000000,34.029035977200003
275,91745,Hacienda Heights,"2,313.000000000000000",91745,La Puente,City of Industry Area 2,-117.975859942000000,34.000618935100000
276,91746,La Puente,"2,314.000000000000000",91746,La Puente,Bassett,-117.988615802000000,34.044125772900003
277,91748,Rowland Heights,"2,315.000000000000000",91748,La Puente,La Puente,-117.898627938999990,33.976381051600001
278,91750,La Verne,"2,316.000000000000000",91750,La Verne,La Verne,-117.762557331000000,34.128499044999998
279,91752,Mira Loma,"2,630.000000000000000",91752,Mira Loma,Mira Loma,-117.534086730000000,33.995867397100000
280,91754,Monterey Park,"2,317.000000000000000",91754,Monterey Park,Monterey Park,-118.145904952000000,34.051876300899998
281,91755,Monterey Park,"2,318.000000000000000",91755,Monterey Park,Monterey Park,-118.114677767000000,34.048608121699999
282,91759,Mt Baldy,"2,760.000000000000000",91759,Mt Baldy,Mt Baldy,-117.575948642000000,34.223806859500002
283,91761,Ontario,"2,761.000000000000000",91761,Ontario,Ontario,-117.592104694000000,34.035304984400000
284,91762,Ontario,"2,762.000000000000000",91762,Ontario,Plaza Center,-117.667715224999990,34.057159191600000
285,91763,Montclair,"2,763.000000000000000",91763,Montclair,Montclair,-117.698396986000010,34.072189766100003
286,91764,Ontario,"2,764.000000000000000",91764,Ontario,New Area Ontario,-117.602567116000000,34.075186834299998
287,91765,Diamond Bar,"2,319.000000000000000",91765,Pomona,Diamond Bar,-117.815234308000000,33.987418812300000
288,91766,Pomona,"2,320.000000000000000",91766,Pomona,Pomona,-117.757141451000000,34.041679932900003
289,91767,Pomona,"2,321.000000000000000",91767,Pomona,Yorba,-117.738485840000000,34.081498596300001
290,91768,Pomona,"2,322.000000000000000",91768,Pomona,Main Office Area 3,-117.789178377000000,34.063211818500001
291,91770,Rosemead,"2,323.000000000000000",91770,Rosemead,Rosemead,-118.083674788000000,34.064289325399997
292,91773,San Dimas,"2,324.000000000000000",91773,San Dimas,San Dimas,-117.808269302000000,34.106674840799997
293,91775,San Gabriel,"2,325.000000000000000",91775,San Gabriel,Main Office Area 2,-118.089196460000000,34.114594596600000
294,91776,San Gabriel,"2,326.000000000000000",91776,San Gabriel,San Gabriel,-118.095540768000010,34.089721238400003
295,91780,Temple City,"2,327.000000000000000",91780,Temple City,Temple City,-118.055672661000000,34.101684501100003
296,91784,Upland,"2,765.000000000000000",91784,Upland,Upland,-117.659193229000000,34.141042531499998
297,91786,Upland,"2,766.000000000000000",91786,Upland,Upland,-117.662097565000000,34.105225190200002
298,91789,Walnut,"2,328.000000000000000",91789,Walnut,Walnut,-117.854123723000000,34.020799788799998
299,91790,West Covina,"2,329.000000000000000",91790,West Covina,West Covina,-117.937628244000000,34.067367003999998
300,91791,West Covina,"2,330.000000000000000",91791,West Covina,Main Office Area 2,-117.893968484000000,34.060819013900002
301,91792,West Covina,"2,331.000000000000000",91792,West Covina,Main Office Area 3,-117.900117509000000,34.025541461000003
302,91801,Alhambra,"2,332.000000000000000",91801,Alhambra,M O Carriers,-118.128166122000000,34.090561862199998
303,91803,Alhambra,"2,333.000000000000000",91803,Alhambra,South Alhambra,-118.146235426000000,34.074692139500002
304,91901,Alpine,"2,837.000000000000000",91901,Alpine,Alpine,-116.715207408000000,32.806632177499999
305,91902,Bonita,"2,838.000000000000000",91902,Bonita,Bonita,-117.004762984000000,32.674099361600000
306,91905,Boulevard,"2,839.000000000000000",91905,Boulevard,Boulevard,-116.301707542000000,32.727110343100001
307,91906,Campo,"2,840.000000000000000",91906,Campo,Campo,-116.515927393000000,32.696690931500001
308,91910,Chula Vista,"2,841.000000000000000",91910,Chula Vista,Chula Vista,-117.055415498000000,32.637920538199999
309,91911,Chula Vista,"2,842.000000000000000",91911,Chula Vista,Chula Vista,-117.050351874000000,32.607236845999999
310,91913,Chula Vista,"2,843.000000000000000",91913,Chula Vista,Chula Vista,-116.989090080000000,32.637782767600001
311,91914,Chula Vista,"2,844.000000000000000",91914,Chula Vista,Chula Vista,-116.959861035000000,32.659484543799998
312,91915,Chula Vista,"2,845.000000000000000",91915,Chula Vista,Chula Vista,-116.964755479000000,32.615978001400002
313,91916,Descanso,"2,846.000000000000000",91916,Descanso,Descanso,-116.634603961000000,32.920900359000001
314,91917,Dulzura,"2,847.000000000000000",91917,Dulzura,Dulzura,-116.794451025000000,32.606911593000000
315,91932,Imperial Beach,"2,848.000000000000000",91932,Imperial Beach,Imperial Beach,-117.117643208000000,32.579304011300003
316,91934,Jacumba,"2,849.000000000000000",91934,Jacumba,Jacumba,-116.208645659000000,32.631725553400003
317,91935,Jamul,"2,850.000000000000000",91935,Jamul,Jamul,-116.815041268000000,32.683903980899998
318,91941,La Mesa,"2,851.000000000000000",91941,La Mesa,La Mesa,-117.001755055999990,32.761215204700001
319,91942,La Mesa,"2,852.000000000000000",91942,La Mesa,La Mesa,-117.016758501000000,32.783270757600000
320,91945,Lemon Grove,"2,853.000000000000000",91945,Lemon Grove,Lemon Grove,-117.033800457000000,32.733198108800003
321,91950,National City,"2,854.000000000000000",91950,National City,National City,-117.091628029000010,32.668323282099998
322,91962,Pine Valley,"2,855.000000000000000",91962,Pine Valley,Pine Valley,-116.453442249000010,32.812827308599999
323,91963,Potrero,"2,856.000000000000000",91963,Potrero,Potrero,-116.614899112000000,32.638602878999997
324,91977,Spring Valley,"2,857.000000000000000",91977,Spring Valley,Spring Valley,-116.995622064000000,32.724029216799998
325,91978,Spring Valley,"2,858.000000000000000",91978,Spring Valley,Spring Valley,-116.940843130999990,32.704132337899999
326,91980,Tecate,"2,859.000000000000000",91980,Tecate,Tecate,-116.660301763000010,32.587266828899999
327,92003,Bonsall,"2,860.000000000000000",92003,Bonsall,Bonsall,-117.199609081000010,33.285003147700003
328,92004,Borrego Springs,"2,861.000000000000000",92004,Borrego Springs,Borrego Springs,-116.282306847000000,33.207415352500000
329,92007,Cardiff By the Sea,"2,862.000000000000000",92007,Cardiff By the Sea,Cardiff by the Sea,-117.269906398000000,33.019266408400000
330,92008,Carlsbad,"2,863.000000000000000",92008,Carlsbad,Carlsbad,-117.318392358000000,33.146652632600002
331,92009,Carlsbad,"2,864.000000000000000",92009,Carlsbad,Carlsbad,-117.244573989000000,33.096167633000000
332,92010,Carlsbad,"2,865.000000000000000",92010,Carlsbad,Carlsbad,-117.284673302000000,33.156711033800001
333,92011,Carlsbad,"2,866.000000000000000",92011,Carlsbad,Carlsbad,-117.294887501999990,33.107181333699998
334,92014,Del Mar,"2,867.000000000000000",92014,Del Mar,Del Mar,-117.222729546000000,32.979933303599999
335,92019,El Cajon,"2,868.000000000000000",92019,El Cajon,El Cajon,-116.879776136999990,32.780376466600003
336,92020,El Cajon,"2,869.000000000000000",92020,El Cajon,El Cajon,-116.970496741000010,32.796494105800001
337,92021,El Cajon,"2,870.000000000000000",92021,El Cajon,Bostonia,-116.869291532999990,32.839247158299997
338,92024,Encinitas,"2,871.000000000000000",92024,Encinitas,Encinitas,-117.253342489000000,33.058899533899996
339,92025,Escondido,"2,872.000000000000000",92025,Escondido,Escondido,-117.029308117000000,33.085905638500002
340,92026,Escondido,"2,873.000000000000000",92026,Escondido,Main Office Area 2,-117.113653254000000,33.214184387200000
341,92027,Escondido,"2,874.000000000000000",92027,Escondido,Orange Glen,-116.986643152000000,33.134462001199999
342,92028,Fallbrook,"2,875.000000000000000",92028,Fallbrook,Fallbrook,-117.251460761999990,33.404833110100000
343,92029,Escondido,"2,876.000000000000000",92029,Escondido,Escondido,-117.132031750000000,33.081318662999998
344,92036,Julian,"2,877.000000000000000",92036,Julian,Julian,-116.379100972000000,32.944853601399998
345,92037,La Jolla,"2,878.000000000000000",92037,La Jolla,La Jolla,-117.249784168000010,32.855013177799997
346,92040,Lakeside,"2,879.000000000000000",92040,Lakeside,Lakeside,-116.875381524999990,32.913535951900002
347,92054,Oceanside,"2,880.000000000000000",92054,Oceanside,Oceanside,-117.351201083000010,33.236269396200001
348,92055,Camp Pendleton,"2,881.000000000000000",92055,Oceanside,Camp Pendleton,-117.403597698000000,33.366304287299997
349,92056,Oceanside,"2,882.000000000000000",92056,Oceanside,Main Office Area 2,-117.289396111000000,33.201570736699999
350,92057,Oceanside,"2,883.000000000000000",92057,Oceanside,Oceanside,-117.290250126999990,33.252154644699999
351,92059,Pala,"2,884.000000000000000",92059,Pala,Pala,-116.969319791000000,33.385188946800000
352,92061,Pauma Valley,"2,885.000000000000000",92061,Pauma Valley,Pauma Valley,-116.925466168000000,33.307256386900001
353,92064,Poway,"2,886.000000000000000",92064,Poway,Poway,-117.019005646000000,32.978989597499996
354,92065,Ramona,"2,887.000000000000000",92065,Ramona,Ramona,-116.852893403000000,33.041542255300001
355,92066,Ranchita,"2,888.000000000000000",92066,Warner Springs,Ranchita,-116.550375213000000,33.265556283899997
356,92067,Rancho Santa Fe,"2,889.000000000000000",92067,Rancho Santa Fe,Rancho Santa Fe,-117.204424444000000,33.024016701599997
357,92069,San Marcos,"2,890.000000000000000",92069,San Marcos,San Marcos,-117.157542152999990,33.175406994100001
358,92070,Santa Ysabel,"2,891.000000000000000",92070,Santa Ysabel,Santa Ysabel,-116.754817837000000,33.186877842999998
359,92071,Santee,"2,892.000000000000000",92071,Santee,Santee,-117.010374243000000,32.869680345900001
360,92075,Solana Beach,"2,893.000000000000000",92075,Solana Beach,Solana Beach,-117.257919118999990,32.995049737000002
361,92078,San Marcos,"2,894.000000000000000",92078,San Marcos,San Marcos,-117.186353586000000,33.120254032399998
362,92081,Vista,"2,895.000000000000000",92081,Vista,Vista,-117.240913569000000,33.164830573600000
363,92082,Valley Center,"2,896.000000000000000",92082,Valley Center,Valley Center,-116.994673401000000,33.254576299100002
364,92083,Vista,"2,897.000000000000000",92083,Vista,Vista,-117.248150709000000,33.198037294800002
365,92084,Vista,"2,898.000000000000000",92084,Vista,Main Office Area 2,-117.205147223000000,33.222108048199999
366,92086,Warner Springs,"2,899.000000000000000",92086,Warner Springs,Warner Springs,-116.679513363000000,33.305292871200002
367,92091,Rancho Santa Fe,"2,900.000000000000000",92091,Rancho Santa Fe,Rancho Santa Fe,-117.223590943000000,33.003591981699998
368,92096,San Marcos,"2,901.000000000000000",92096,San Marcos,California State Univers,-117.157065559000000,33.127965438399997
369,92101,San Diego,"2,902.000000000000000",92101,San Diego,Downtown,-117.169327390000010,32.723299643799997
370,92102,San Diego,"2,903.000000000000000",92102,San Diego,George Washington,-117.118654279000000,32.717146304300002
371,92103,San Diego,"2,904.000000000000000",92103,San Diego,Hillcrest,-117.166835793999990,32.747330453300002
372,92104,San Diego,"2,905.000000000000000",92104,San Diego,North Park,-117.126713744000000,32.742757570099997
373,92105,San Diego,"2,906.000000000000000",92105,San Diego,East San Diego,-117.092512514000010,32.737603362500003
374,92106,San Diego,"2,907.000000000000000",92106,San Diego,Point Loma,-117.235483591999990,32.714255646700003
375,92107,San Diego,"2,908.000000000000000",92107,San Diego,Ocean Beach,-117.243416714000010,32.741648767699999
376,92108,San Diego,"2,909.000000000000000",92108,San Diego,Main Office Area 2,-117.144744309000000,32.772688305000003
377,92109,San Diego,"2,910.000000000000000",92109,San Diego,Pacific Beach,-117.233634815000000,32.791399827900001
378,92110,San Diego,"2,911.000000000000000",92110,San Diego,Main Office,-117.201455666000000,32.765183682500002
379,92111,San Diego,"2,912.000000000000000",92111,San Diego,Linda Vista,-117.168949586000000,32.806520855700001
380,92113,San Diego,"2,913.000000000000000",92113,San Diego,Southeastern,-117.118077599000000,32.696931676299997
381,92114,San Diego,"2,914.000000000000000",92114,San Diego,Encanto,-117.055061982000000,32.707757142500000
382,92115,San Diego,"2,915.000000000000000",92115,San Diego,Andrew Jackson,-117.071622541000000,32.761118801700000
383,92116,San Diego,"2,916.000000000000000",92116,San Diego,John Adams,-117.123238013999990,32.764945841100001
384,92117,San Diego,"2,917.000000000000000",92117,San Diego,William Howard Taft,-117.199963528000000,32.824847654999999
385,92118,Coronado,"2,918.000000000000000",92118,San Diego,Coronado,-117.165927327000010,32.672113051600000
386,92119,San Diego,"2,919.000000000000000",92119,San Diego,Navajo,-117.030247562000000,32.806697575500003
387,92120,San Diego,"2,920.000000000000000",92120,San Diego,Grantville,-117.072564971000010,32.794476533299999
388,92121,San Diego,"2,921.000000000000000",92121,San Diego,Mira Mesa Area 3,-117.201597065000000,32.898104644800000
389,92122,San Diego,"2,922.000000000000000",92122,San Diego,University City,-117.210067230000010,32.856662981699998
390,92123,San Diego,"2,923.000000000000000",92123,San Diego,Serra Mesa,-117.135153741000000,32.805893318700001
391,92124,San Diego,"2,924.000000000000000",92124,San Diego,Mira Mesa Area 4,-117.094499307000010,32.823644111299998
392,92126,San Diego,"2,925.000000000000000",92126,San Diego,Mira Mesa,-117.142972820000000,32.912470413999998
393,92127,San Diego,"2,926.000000000000000",92127,San Diego,Rancho Bernardo Area 2,-117.129458933000000,33.027887870599997
394,92128,San Diego,"2,927.000000000000000",92128,San Diego,Rancho Bernardo,-117.072837875999990,32.996532190200000
395,92129,San Diego,"2,928.000000000000000",92129,San Diego,Rancho Bernardo Area 3,-117.127641827000010,32.968614550399998
396,92130,San Diego,"2,929.000000000000000",92130,San Diego,Mira Mesa Area 5,-117.203794656000000,32.951289635800002
397,92131,San Diego,"2,930.000000000000000",92131,San Diego,Mira Mesa Area 2,-117.088312250000000,32.915370172099998
398,92133,San Diego,"2,931.000000000000000",92133,San Diego,San Diego,-117.218844424000000,32.724790589100003
399,92134,San Diego,"2,932.000000000000000",92134,San Diego,San Diego,-117.146226128000000,32.726096208000001
400,92135,San Diego,"2,933.000000000000000",92135,San Diego,Naval Air Station,-117.207756651000000,32.699149241400001
401,92136,San Diego,"2,934.000000000000000",92136,San Diego,Naval,-117.119994586999990,32.680046307600001
402,92139,San Diego,"2,935.000000000000000",92139,San Diego,Paradise Hills,-117.048915841000000,32.679892669200001
403,92140,San Diego,"2,936.000000000000000",92140,San Diego,San Diego,-117.200712816000010,32.738311463599999
404,92145,San Diego,"2,937.000000000000000",92145,San Diego,Miramar N A S,-117.115859067000000,32.866603729500000
405,92152,San Diego,"2,938.000000000000000",92152,San Diego,San Diego,-117.246225462000000,32.701652386100001
406,92154,San Diego,"2,939.000000000000000",92154,San Diego,Main Office Area 3,-117.000003720000000,32.567577560300002
407,92173,San Ysidro,"2,941.000000000000000",92173,San Diego,San Diego,-117.050429007999990,32.554734410800002
408,92182,San Diego,"2,942.000000000000000",92182,San Diego,San Diego,-117.073401640000000,32.775822327900002
409,92201,Indio,"2,631.000000000000000",92201,Indio,Indio,-116.233890024999990,33.707507141199997
410,92203,Indio,"2,632.000000000000000",92203,Indio,Indio,-116.241707983000000,33.751737398000003
411,92210,Indian Wells,"2,633.000000000000000",92210,Palm Desert,Indian Wells,-116.339780440000000,33.701971723800000
412,92211,Palm Desert,"2,634.000000000000000",92211,Palm Desert,Palm Desert,-116.330174794000000,33.764303470999998
413,92220,Banning,"2,635.000000000000000",92220,Banning,Banning,-116.852344585000000,33.941403894099999
414,92223,Beaumont,"2,636.000000000000000",92223,Beaumont,Beaumont,-116.989502253000000,33.914973423799999
415,92225,Blythe,"2,637.000000000000000",92225,Blythe,Blythe,-114.636072971000000,33.570593147600000
416,92227,Brawley,"1,957.000000000000000",92227,Brawley,Brawley,-115.468736596000000,32.997912429499998
417,92230,Cabazon,"2,638.000000000000000",92230,Cabazon,Cabazon,-116.778325318000000,33.910554240600000
418,92231,Calexico,"1,958.000000000000000",92231,Calexico,Calexico,-115.548077238999990,32.685556699800003
419,92233,Calipatria,"1,959.000000000000000",92233,Calipatria,Calipatria,-115.507113863000000,33.170563522300000
420,92234,Cathedral City,"2,639.000000000000000",92234,Cathedral City,Cathedral City,-116.466477961000000,33.815705435700004
421,92236,Coachella,"2,640.000000000000000",92236,Coachella,Coachella,-116.168314828000010,33.689336462800000
422,92239,Desert Center,"2,641.000000000000000",92239,Desert Center,Desert Center,-115.356033413000010,33.779754115300001
423,92240,Desert Hot Springs,"2,642.000000000000000",92240,Desert Hot Springs,Desert Hot Springs,-116.529603787000000,33.962695458200002
424,92241,Desert Hot Springs,"2,643.000000000000000",92241,Desert Hot Springs,Desert Hot Springs,-116.333753558000000,33.865849742199998
425,92242,Earp,"2,767.000000000000000",92242,Earp,Earp,-114.366006400000000,34.183161064099998
426,92243,El Centro,"1,960.000000000000000",92243,El Centro,El Centro,-115.598947337000000,32.774774415000003
427,92249,Heber,"1,961.000000000000000",92249,Heber,Heber,-115.456232282000000,32.719388856899997
428,92250,Holtville,"1,962.000000000000000",92250,Holtville,Holtville,-115.355954999000010,32.794095244799998
429,92251,Imperial,"1,963.000000000000000",92251,Imperial,Imperial,-115.622236258000000,32.872054808900003
430,92252,Joshua Tree,"2,768.000000000000000",92252,Joshua Tree,Joshua Tree,-116.287907580000000,34.156523214700002
431,92253,La Quinta,"2,644.000000000000000",92253,La Quinta,La Quinta,-116.280587401999990,33.654555725599998
432,92254,Mecca,"2,645.000000000000000",92254,Mecca,Mecca,-115.885727106999990,33.503279163999999
433,92256,Morongo Valley,"2,769.000000000000000",92256,Morongo Valley,Morongo Valley,-116.595414909000000,34.097185928800002
434,92257,Niland,"1,964.000000000000000",92257,Niland,Niland,-115.676326204000010,33.353586536900004
435,92259,Ocotillo,"1,965.000000000000000",92259,Ocotillo,Ocotillo,-116.006411000000000,32.745278158500000
436,92260,Palm Desert,"2,646.000000000000000",92260,Palm Desert,Palm Desert,-116.397002704000000,33.689161261099997
437,92262,Palm Springs,"2,647.000000000000000",92262,Palm Springs,Palm Springs,-116.568345366000000,33.862530779799997
438,92264,Palm Springs,"2,648.000000000000000",92264,Palm Springs,Main Office Area 2,-116.535955071000000,33.740874203899999
439,92267,Parker Dam,"2,770.000000000000000",92267,Parker Dam,Parker Dam,-114.214125323999990,34.290252017400000
440,92270,Rancho Mirage,"2,649.000000000000000",92270,Rancho Mirage,Rancho Mirage,-116.422780223000000,33.767152733899998
441,92274,Thermal,"2,650.000000000000000",92274,Thermal,Thermal,-115.953020007000010,33.088910557299997
442,92276,Thousand Palms,"2,651.000000000000000",92276,Thousand Palms,Thousand Palms,-116.379784887000000,33.824355067100001
443,92277,Twentynine Palms,"2,771.000000000000000",92277,Twentynine Palms,Twentynine Palms,-115.760733079999990,34.198815396900002
444,92278,Twentynine Palms,"2,772.000000000000000",92278,Twentynine Palms,Marine Corps Base,-116.140317909999990,34.461468091599997
445,92280,Vidal,"2,773.000000000000000",92280,Blythe,Vidal,-114.791497773000000,34.201889923200000
446,92281,Westmorland,"1,966.000000000000000",92281,Westmorland,Westmorland,-115.640265701999990,33.065221520999998
447,92282,White Water,"2,652.000000000000000",92282,Cabazon,White Water,-116.662943944999990,33.961840490400000
448,92283,Winterhaven,"1,967.000000000000000",92283,Winterhaven,Winterhaven,-114.992451284000000,33.079246051100000
449,92284,Yucca Valley,"2,774.000000000000000",92284,Yucca Valley,Yucca Valley,-116.468384310000000,34.172007334100002
450,92285,Landers,"2,775.000000000000000",92285,Yucca Valley,Yucca Valley,-116.553267881000000,34.435640412799998
451,92301,Adelanto,"2,776.000000000000000",92301,Adelanto,Adelanto,-117.529531715000000,34.668419192300000
452,92304,Amboy,"2,777.000000000000000",92304,Amboy,Amboy,-115.836087483000000,34.707624998900002
453,92305,Angelus Oaks,"2,778.000000000000000",92305,Angelus Oaks,Angelus Oaks,-116.873344234000000,34.166744033299999
454,92307,Apple Valley,"2,779.000000000000000",92307,Apple Valley,Apple Valley,-117.131185876000000,34.592430188599998
455,92308,Apple Valley,"2,780.000000000000000",92308,Apple Valley,Main Office Area 2,-117.156988393000010,34.425616552999998
456,92309,Baker,"2,781.000000000000000",92309,Baker,Baker,-116.068201849000000,35.366028514100002
457,92310,Fort Irwin,"2,782.000000000000000",92310,Barstow,Fort Irwin,-116.644635425000000,35.364107332400003
458,92311,Barstow,"2,783.000000000000000",92311,Barstow,Barstow,-117.043187848000000,34.839989153600001
459,92313,Grand Terrace,"2,784.000000000000000",92313,Colton,Grand Terrace,-117.313465957000010,34.031344892900002
460,92314,Big Bear City,"2,785.000000000000000",92314,Big Bear City,Big Bear City,-116.915216751000000,34.273280639299998
461,92315,Big Bear Lake,"2,786.000000000000000",92315,Big Bear Lake,Big Bear Lake,-116.915170733000000,34.248357201099999
462,92316,Bloomington,"2,787.000000000000000",92316,Bloomington,Bloomington,-117.393353438000010,34.059218290200000
463,92317,Blue Jay,"2,788.000000000000000",92317,Blue Jay,Blue Jay,-117.212552882000000,34.250534943500000
464,92320,Calimesa,"2,653.000000000000000",92320,Calimesa,Calimesa,-117.046408888000000,33.979572344300003
465,92321,Cedar Glen,"2,789.000000000000000",92321,Cedar Glen,Cedar Glen,-117.164781797000000,34.243186335200001
466,92322,Cedarpines Park,"2,790.000000000000000",92322,Cedarpines Park,Cedarpines Park,-117.327617475000000,34.232955808000000
467,92324,Colton,"2,791.000000000000000",92324,Colton,Colton,-117.285275150999990,34.031336629199998
468,92325,Crestline,"2,792.000000000000000",92325,Crestline,Crestline,-117.292279636999990,34.246229140099999
469,92327,Daggett,"2,793.000000000000000",92327,Daggett,Daggett,-116.820886517000010,34.848942613100000
470,92328,Death Valley,"1,968.000000000000000",92328,Death Valley,Death Valley,-117.130487368000000,36.423318423399998
471,92332,Essex,"2,794.000000000000000",92332,Essex,Essex,-115.229005939000000,34.607472994100000
472,92335,Fontana,"2,795.000000000000000",92335,Fontana,Fontana,-117.466349842000000,34.086952548100001
473,92336,Fontana,"2,796.000000000000000",92336,Fontana,Main Office Area 2,-117.462107876999990,34.135209439500002
474,92337,Fontana,"2,797.000000000000000",92337,Fontana,Fontana,-117.471360191000000,34.049176394400000
475,92338,Ludlow,"2,798.000000000000000",92338,Newberry Springs,Ludlow,-116.351858538000000,34.896395573900001
476,92339,Forest Falls,"2,799.000000000000000",92339,Forest Falls,Forest Falls,-116.840794977000000,34.089912439599999
477,92342,Helendale,"2,800.000000000000000",92342,Helendale,Helendale,-117.354260446000000,34.775840244699999
478,92344,Hesperia,"2,801.000000000000000",92344,Hesperia,Hesperia,-117.405136660000000,34.391302595200003
479,92345,Hesperia,"2,802.000000000000000",92345,Hesperia,Hesperia,-117.308199200999990,34.385422496700002
480,92346,Highland,"2,803.000000000000000",92346,Highland,Highland,-117.177764817000000,34.118702558800003
481,92347,Hinkley,"2,804.000000000000000",92347,Hinkley,Hinkley,-117.303084617000000,35.046931477699999
482,92350,Loma Linda,"2,805.000000000000000",92350,Loma Linda,Loma Linda,-117.262836040000000,34.052186998600000
483,92352,Lake Arrowhead,"2,806.000000000000000",92352,Lake Arrowhead,Lake Arrowhead,-117.192642217000000,34.268398130000001
484,92354,Loma Linda,"2,807.000000000000000",92354,Loma Linda,Loma Linda,-117.251873624000000,34.049863772300000
485,92356,Lucerne Valley,"2,808.000000000000000",92356,Lucerne Valley,Lucerne Valley,-116.879229463000000,34.527056252000001
486,92358,Lytle Creek,"2,809.000000000000000",92358,Lytle Creek,Lytle Creek,-117.535814169999990,34.270076643599999
487,92359,Mentone,"2,810.000000000000000",92359,Mentone,Mentone,-117.087814923000000,34.123950409999999
488,92363,Needles,"2,811.000000000000000",92363,Needles,Needles,-114.666500212000000,34.603685582700002
489,92364,Nipton,"2,812.000000000000000",92364,Baker,Nipton,-115.427771820000000,35.319690803000000
490,92365,Newberry Springs,"2,813.000000000000000",92365,Newberry Springs,Newberry Springs,-116.693525558999990,34.864133099400000
491,92368,Oro Grande,"2,814.000000000000000",92368,Oro Grande,Oro Grande,-117.293477095000000,34.666566655600001
492,92371,Phelan,"2,815.000000000000000",92371,Phelan,Phelan,-117.540973792000000,34.455929676799997
493,92372,Pinon Hills,"2,816.000000000000000",92372,Pinon Hills,Pinon Hills,-117.631720120000000,34.441320108900001
494,92373,Redlands,"2,817.000000000000000",92373,Redlands,Redlands,-117.152022569000000,34.001311784199999
495,92374,Redlands,"2,818.000000000000000",92374,Redlands,Main Office Area 2,-117.171986433000000,34.068562470499998
496,92376,Rialto,"2,819.000000000000000",92376,Rialto,Rialto,-117.380168763000000,34.110518286100003
497,92377,Rialto,"2,820.000000000000000",92377,Rialto,Rialto,-117.405349951000010,34.154830240099997
498,92382,Running Springs,"2,821.000000000000000",92382,Running Springs,Running Springs,-117.152427199000000,34.206940684300001
499,92384,Shoshone,"1,969.000000000000000",92384,Shoshone,Shoshone,-116.452279582000000,36.121457119399999
500,92385,Skyforest,"2,822.000000000000000",92385,Skyforest,Skyforest,-117.123583378000010,34.209897038000001
501,92389,Tecopa,"1,970.000000000000000",92389,Tecopa,Tecopa,-115.888754621999990,35.883386842900002
502,92392,Victorville,"2,823.000000000000000",92392,Victorville,Victorville,-117.407166842000000,34.479777157299999
503,92394,Victorville,"2,824.000000000000000",92394,Victorville,George A F B,-117.334971722000010,34.560721430199997
504,92395,Victorville,"2,825.000000000000000",92395,Victorville,Victorville,-117.294645241000000,34.502633682199999
505,92397,Wrightwood,"2,826.000000000000000",92397,Wrightwood,Wrightwood,-117.587543108999990,34.348405977799999
506,92399,Yucaipa,"2,827.000000000000000",92399,Yucaipa,Yucaipa,-117.007726967000000,34.038462562799999
507,92401,San Bernardino,"2,828.000000000000000",92401,San Bernardino,Downtown,-117.290958046000000,34.105706231299997
508,92404,San Bernardino,"2,829.000000000000000",92404,San Bernardino,Del Rosa,-117.274213488000000,34.177196706600000
509,92405,San Bernardino,"2,830.000000000000000",92405,San Bernardino,Uptown,-117.304029037000010,34.146153940700003
510,92407,San Bernardino,"2,831.000000000000000",92407,San Bernardino,Uptown Area 2,-117.307460550000000,34.257035144000000
511,92408,San Bernardino,"2,832.000000000000000",92408,San Bernardino,Downtown Area 2,-117.263802599000000,34.084495355400001
512,92410,San Bernardino,"2,833.000000000000000",92410,San Bernardino,Base Line,-117.295994706000000,34.106400864599998
513,92411,San Bernardino,"2,834.000000000000000",92411,San Bernardino,Westside,-117.323855171000010,34.122214611300002
514,92501,Riverside,"2,654.000000000000000",92501,Riverside,Downtown,-117.372848837000010,33.995375222299998
515,92503,Riverside,"2,655.000000000000000",92503,Riverside,Arlington,-117.446840196000000,33.889834999400001
516,92504,Riverside,"2,656.000000000000000",92504,Riverside,Hardman Center,-117.398718701000010,33.906878528599997
517,92505,Riverside,"2,657.000000000000000",92505,Riverside,La Sierra,-117.494999073000000,33.934139105000000
518,92506,Riverside,"2,658.000000000000000",92506,Riverside,Magnolia Center,-117.361868731000000,33.934607452599998
519,92507,Riverside,"2,659.000000000000000",92507,Riverside,Main Office,-117.323827003000010,33.974384337799997
520,92508,Riverside,"2,660.000000000000000",92508,Riverside,March A F B,-117.325107816000000,33.892250054500003
521,92509,Riverside,"2,661.000000000000000",92509,Riverside,Rubidoux,-117.445588403000000,34.003384873199998
522,92518,March Air Reserve Base,"2,662.000000000000000",92518,Riverside,Riverside,-117.273191215000000,33.885097032600001
523,92521,Riverside,"2,663.000000000000000",92521,Riverside,Riverside,-117.332548874000000,33.969355866999997
524,92530,Lake Elsinore,"2,664.000000000000000",92530,Lake Elsinore,Lake Elsinore,-117.395839382000010,33.607290908800003
525,92532,Lake Elsinore,"2,665.000000000000000",92532,Lake Elsinore,Lake Elsinore,-117.320081238000000,33.700033976100002
526,92536,Aguanga,"2,666.000000000000000",92536,Aguanga,Aguanga,-116.807675090999990,33.483360690300003
527,92539,Anza,"2,667.000000000000000",92539,Anza,Anza,-116.696846800000000,33.554257568399997
528,92543,Hemet,"2,668.000000000000000",92543,Hemet,Hemet,-116.978179148000000,33.702218375900003
529,92544,Hemet,"2,669.000000000000000",92544,Hemet,Hemet,-116.898855969000000,33.644340647299998
530,92545,Hemet,"2,670.000000000000000",92545,Hemet,Hemet,-117.042167874000000,33.732042761099997
531,92548,Homeland,"2,671.000000000000000",92548,Homeland,Homeland,-117.110536091000000,33.760506000800000
532,92549,Idyllwild,"2,672.000000000000000",92549,Idyllwild,Idyllwild,-116.777275578000000,33.783553628400000
533,92551,Moreno Valley,"2,673.000000000000000",92551,Moreno Valley,Moreno Valley,-117.225837148000000,33.881336785000002
534,92553,Moreno Valley,"2,674.000000000000000",92553,Moreno Valley,Moreno Valley,-117.245212540000000,33.922823848000000
535,92555,Moreno Valley,"2,675.000000000000000",92555,Moreno Valley,Moreno Valley,-117.125721032000000,33.905446938099999
536,92557,Moreno Valley,"2,676.000000000000000",92557,Moreno Valley,Moreno Valley,-117.258936233000000,33.971881948499998
537,92561,Mountain Center,"2,677.000000000000000",92561,Mountain Center,Mountain Center,-116.480513698000000,33.587511534199997
538,92562,Murrieta,"2,678.000000000000000",92562,Murrieta,Murrieta,-117.267816026000010,33.548620985900001
539,92563,Murrieta,"2,679.000000000000000",92563,Murrieta,Murrieta,-117.147589700000000,33.580862749700003
540,92567,Nuevo,"2,680.000000000000000",92567,Nuevo,Nuevo,-117.100580699000010,33.810151280800000
541,92570,Perris,"2,681.000000000000000",92570,Perris,Perris,-117.320840621000000,33.784509794100003
542,92571,Perris,"2,682.000000000000000",92571,Perris,Perris,-117.189953141000000,33.834606407899997
543,92582,San Jacinto,"2,683.000000000000000",92582,San Jacinto,San Jacinto,-117.012750861000000,33.809313220500002
544,92583,San Jacinto,"2,684.000000000000000",92583,San Jacinto,San Jacinto,-116.919524119000000,33.792880404400002
545,92584,Menifee,"2,685.000000000000000",92584,Sun City,Sun City,-117.178665263000000,33.658450264400003
546,92585,Sun City,"2,686.000000000000000",92585,Sun City,Sun City,-117.171210160000000,33.740735347700003
547,92586,Sun City,"2,687.000000000000000",92586,Sun City,Sun City,-117.200214256000000,33.706993318000002
548,92587,Sun City,"2,688.000000000000000",92587,Sun City,Sun City,-117.250642318999990,33.695666551499997
549,92590,Temecula,"2,689.000000000000000",92590,Temecula,Temecula,-117.218403060000000,33.478963577300000
550,92591,Temecula,"2,690.000000000000000",92591,Temecula,Temecula,-117.109390438999990,33.533187172399998
551,92592,Temecula,"2,691.000000000000000",92592,Temecula,Temecula,-117.013026127000000,33.507150077100000
552,92595,Wildomar,"2,692.000000000000000",92595,Wildomar,Wildomar,-117.261026302999990,33.618968007699998
553,92596,Winchester,"2,693.000000000000000",92596,Winchester,Winchester,-117.073155239000000,33.635569890200003
554,92602,Irvine,"2,506.000000000000000",92602,Irvine,Irvine,-117.744547040000000,33.747419849899998
555,92603,Irvine,"2,507.000000000000000",92603,Irvine,Irvine,-117.790786162000000,33.626040523800000
556,92604,Irvine,"2,508.000000000000000",92604,Irvine,Irvine,-117.788566428000000,33.688104461199998
557,92606,Irvine,"2,509.000000000000000",92606,Irvine,Irvine,-117.812838342000010,33.697846999500001
558,92610,Foothill Ranch,"2,510.000000000000000",92610,El Toro,El Toro,-117.665610110000000,33.706306340399998
559,92612,Irvine,"2,511.000000000000000",92612,Irvine,Irvine,-117.826080855000000,33.660372637199998
560,92614,Irvine,"2,512.000000000000000",92614,Irvine,Irvine,-117.832675851000000,33.681805923500001
561,92617,Irvine,"2,513.000000000000000",92617,Irvine,Irvine,-117.842454940000000,33.641949919699996
562,92618,Irvine,"2,514.000000000000000",92618,Irvine,Irvine,-117.725322736000000,33.682725178100000
563,92620,Irvine,"2,515.000000000000000",92620,Irvine,Irvine,-117.756933613000000,33.708798925499998
564,92624,Capistrano Beach,"2,516.000000000000000",92624,Dana Point,Capistrano Beach,-117.665993626000000,33.459074430699999
565,92625,Corona del Mar,"2,517.000000000000000",92625,Corona del Mar,Corona Del Mar,-117.865650372999990,33.601597990999998
566,92626,Costa Mesa,"2,518.000000000000000",92626,Costa Mesa,Costa Mesa,-117.908593799000000,33.679143649200000
567,92627,Costa Mesa,"2,519.000000000000000",92627,Costa Mesa,Mesa Center,-117.920364756000000,33.648210442500002
568,92629,Dana Point,"2,520.000000000000000",92629,Dana Point,Dana Point,-117.704988728999990,33.477248825899999
569,92630,Lake Forest,"2,521.000000000000000",92630,El Toro,El Toro,-117.685662509000000,33.645963622099998
570,92637,Laguna Woods,"2,522.000000000000000",92637,Laguna Beach,Laguna Beach,-117.729893379999990,33.608319727199998
571,92646,Huntington Beach,"2,523.000000000000000",92646,Huntington Beach,Huntington Beach,-117.968182042000000,33.665031474700001
572,92647,Huntington Beach,"2,524.000000000000000",92647,Huntington Beach,Huntington Beach,-118.006649952000000,33.723632807999998
573,92648,Huntington Beach,"2,525.000000000000000",92648,Huntington Beach,Beach Center,-118.012723307000000,33.682443324200001
574,92649,Huntington Beach,"2,526.000000000000000",92649,Huntington Beach,Main Office Area 3,-118.044452822000000,33.721145309100002
575,92651,Laguna Beach,"2,527.000000000000000",92651,Laguna Beach,Laguna Beach,-117.772271567000000,33.558786319500001
576,92653,Laguna Hills,"2,528.000000000000000",92653,Laguna Beach,Laguna Hills,-117.699126151000000,33.592759305100003
577,92655,Midway City,"2,529.000000000000000",92655,Midway City,Midway City,-117.985008010000000,33.745007596800001
578,92656,Aliso Viejo,"2,530.000000000000000",92656,Laguna Beach,Main Office Area 2,-117.731015561000010,33.574799662300002
579,92657,Newport Coast,"2,531.000000000000000",92657,Newport Beach,Newport Beach,-117.828701807000000,33.589929066000003
580,92660,Newport Beach,"2,532.000000000000000",92660,Newport Beach,Newport Beach,-117.875776715000000,33.632714231400001
581,92661,Newport Beach,"2,533.000000000000000",92661,Newport Beach,Balboa,-117.901331047000000,33.601544411399999
582,92662,Newport Beach,"2,534.000000000000000",92662,Newport Beach,Balboa Island,-117.891047271999990,33.603770997500000
583,92663,Newport Beach,"2,535.000000000000000",92663,Newport Beach,Riverside,-117.930014980000000,33.623016433600000
584,92672,San Clemente,"2,536.000000000000000",92672,San Clemente,San Clemente,-117.553820804000000,33.396679499199998
585,92673,San Clemente,"2,537.000000000000000",92673,San Clemente,San Clemente,-117.612943110000000,33.465011594600000
586,92675,San Juan Capistrano,"2,538.000000000000000",92675,San Juan Capistrano,San Juan Capistrano,-117.545553952000010,33.564959441399999
587,92676,Silverado,"2,539.000000000000000",92676,Silverado,Silverado,-117.607939233000000,33.744972484999998
588,92677,Laguna Niguel,"2,540.000000000000000",92677,Laguna Beach,Laguna Niguel,-117.704124459000000,33.526730607499999
589,92679,Trabuco Canyon,"2,541.000000000000000",92679,Trabuco Canyon,Trabuco Canyon,-117.562659021000000,33.652530062200000
590,92683,Westminster,"2,542.000000000000000",92683,Westminster,Westminster,-117.993972623000000,33.752545521300000
591,92688,Rancho Santa Margarita,"2,543.000000000000000",92688,Trabuco Canyon,Main Office Area 2,-117.611037859000010,33.629648548500001
592,92691,Mission Viejo,"2,544.000000000000000",92691,San Juan Capistrano,Mission Viejo,-117.666159187999990,33.610501880199998
593,92692,Mission Viejo,"2,545.000000000000000",92692,San Juan Capistrano,Mission Viejo Area 2,-117.643174380000000,33.609761317599997
594,92694,Ladera Ranch,"2,546.000000000000000",92694,San Juan Capistrano,San Juan Capistrano,-117.641712889000000,33.552368139599999
595,92697,Irvine,"2,547.000000000000000",92697,Irvine,Irvine,-117.841394237000000,33.646998012399997
596,92701,Santa Ana,"2,548.000000000000000",92701,Santa Ana,Civic Center,-117.858721865000010,33.748360460699999
597,92703,Santa Ana,"2,549.000000000000000",92703,Santa Ana,Bristol,-117.905592028000000,33.748585246399998
598,92704,Santa Ana,"2,550.000000000000000",92704,Santa Ana,Diamond,-117.908386779000000,33.720790084500003
599,92705,Santa Ana,"2,551.000000000000000",92705,Santa Ana,Industrial,-117.813985839000000,33.756682429599998
600,92706,Santa Ana,"2,552.000000000000000",92706,Santa Ana,King,-117.881244873000000,33.765993260999998
601,92707,Santa Ana,"2,553.000000000000000",92707,Santa Ana,South Main,-117.871013387999990,33.707472209999999
602,92708,Fountain Valley,"2,554.000000000000000",92708,Santa Ana,Fountain Valley,-117.951464711000000,33.710355491300000
603,92780,Tustin,"2,555.000000000000000",92780,Tustin,Tustin,-117.819227608000010,33.735808112999997
604,92782,Tustin,"2,556.000000000000000",92782,Tustin,Tustin,-117.800248004000000,33.726085575299997
605,92801,Anaheim,"2,557.000000000000000",92801,Anaheim,M O Area 1,-117.951763610000000,33.844886609600003
606,92802,Anaheim,"2,558.000000000000000",92802,Anaheim,Holiday,-117.923453565000000,33.808072535100003
607,92804,Anaheim,"2,559.000000000000000",92804,Anaheim,Brookhurst Center,-117.974623952000000,33.818690692700002
608,92805,Anaheim,"2,560.000000000000000",92805,Anaheim,Federal,-117.905610618000000,33.829832780099999
609,92806,Anaheim,"2,561.000000000000000",92806,Anaheim,Sunkist,-117.870124907999990,33.838235236599999
610,92807,Anaheim,"2,562.000000000000000",92807,Anaheim,Sunkist Area 2,-117.788483993000000,33.849130452899999
611,92808,Anaheim,"2,563.000000000000000",92808,Anaheim,Anaheim Hills,-117.736480210000000,33.853994403300000
612,92821,Brea,"2,564.000000000000000",92821,Brea,Brea,-117.884677249000010,33.927573554699997
613,92823,Brea,"2,565.000000000000000",92823,Brea,Brea,-117.806780747000000,33.929286282299998
614,92831,Fullerton,"2,566.000000000000000",92831,Fullerton,Fullerton,-117.896303839000000,33.879159646799998
615,92832,Fullerton,"2,567.000000000000000",92832,Fullerton,Fullerton,-117.929186172000000,33.868438812500003
616,92833,Fullerton,"2,568.000000000000000",92833,Fullerton,Fullerton,-117.961089892000000,33.880036964699997
617,92835,Fullerton,"2,569.000000000000000",92835,Fullerton,Fullerton,-117.915299608000000,33.902090627500002
618,92840,Garden Grove,"2,570.000000000000000",92840,Garden Grove,Garden Grove,-117.931826486000010,33.785906213899999
619,92841,Garden Grove,"2,571.000000000000000",92841,Garden Grove,Garden Grove,-117.981624146000000,33.787135077700000
620,92843,Garden Grove,"2,572.000000000000000",92843,Garden Grove,Garden Grove,-117.931197971000000,33.763945251599999
621,92844,Garden Grove,"2,573.000000000000000",92844,Garden Grove,Garden Grove,-117.969575398000000,33.765522736299999
622,92845,Garden Grove,"2,574.000000000000000",92845,Garden Grove,Garden Grove,-118.026648507999990,33.783155119200003
623,92860,Norco,"2,694.000000000000000",92860,Norco,Norco,-117.552692230999990,33.924654590999999
624,92861,Villa Park,"2,575.000000000000000",92861,Orange,Orange,-117.810146574000000,33.817344513099997
625,92862,Orange,"2,576.000000000000000",92862,Orange,Orange,-117.697402883000000,33.812405165800001
626,92865,Orange,"2,577.000000000000000",92865,Orange,Orange,-117.848639041000000,33.829138948299999
627,92866,Orange,"2,578.000000000000000",92866,Orange,Orange,-117.844559385000000,33.784648907499999
628,92867,Orange,"2,579.000000000000000",92867,Orange,Orange,-117.827345063000000,33.814671755200003
629,92868,Orange,"2,580.000000000000000",92868,Orange,Orange,-117.876474222000000,33.787777441499998
630,92869,Orange,"2,581.000000000000000",92869,Orange,Orange,-117.785868124000000,33.798951764999998
631,92870,Placentia,"2,582.000000000000000",92870,Placentia,Placentia,-117.855315113000000,33.880916483599997
632,92879,Corona,"2,695.000000000000000",92879,Corona,Corona,-117.537994757000010,33.880188212400000
633,92880,Corona,"2,696.000000000000000",92880,Corona,Corona,-117.611602245000000,33.920731287499997
634,92881,Corona,"2,697.000000000000000",92881,Corona,Corona,-117.497287635000010,33.840104628600002
635,92882,Corona,"2,698.000000000000000",92882,Corona,Corona,-117.603933787000000,33.841938452400001
636,92883,Corona,"2,699.000000000000000",92883,Corona,Corona,-117.492404795000000,33.764144674199997
637,92886,Yorba Linda,"2,583.000000000000000",92886,Yorba Linda,Yorba Linda,-117.794734785000000,33.896691797599999
638,92887,Yorba Linda,"2,584.000000000000000",92887,Yorba Linda,Yorba Linda,-117.731761141000010,33.883899456000002
639,93001,Ventura,"3,348.000000000000000",93001,Ventura,Ventura,-119.326436075999990,34.348026034299998
640,93003,Ventura,"3,349.000000000000000",93003,Ventura,East Ventura,-119.218585526000000,34.278967798499998
641,93004,Ventura,"3,350.000000000000000",93004,Ventura,Saticoy,-119.163871587000000,34.281944108099999
642,93010,Camarillo,"3,351.000000000000000",93010,Camarillo,Camarillo,-119.069629315000000,34.227513755399997
643,93012,Camarillo,"3,352.000000000000000",93012,Camarillo,Camarillo,-118.992760811000000,34.205749523599998
644,93013,Carpinteria,"3,050.000000000000000",93013,Carpinteria,Carpinteria,-119.515491974000000,34.414751962300002
645,93015,Fillmore,"3,353.000000000000000",93015,Fillmore,Fillmore,-118.845870063000010,34.416628026799998
646,93021,Moorpark,"3,354.000000000000000",93021,Moorpark,Moorpark,-118.863966168999990,34.309141578099997
647,93022,Oak View,"3,355.000000000000000",93022,Oak View,Oak View,-119.298297891000000,34.403839732599998
648,93023,Ojai,"3,356.000000000000000",93023,Ojai,Ojai,-119.270745562000000,34.517915909999999
649,93030,Oxnard,"3,357.000000000000000",93030,Oxnard,Oxnard,-119.179943794000000,34.207349219800001
650,93033,Oxnard,"3,358.000000000000000",93033,Oxnard,Saviers,-119.123033601000000,34.153226648299999
651,93035,Oxnard,"3,359.000000000000000",93035,Oxnard,Saviers Area 2,-119.223911308000000,34.183948101100000
652,93036,Oxnard,"3,360.000000000000000",93036,Oxnard,Oxnard,-119.173678092000000,34.237642973699998
653,93041,Port Hueneme,"3,361.000000000000000",93041,Port Hueneme,Port Hueneme,-119.168067857000000,34.151375885400000
654,93042,Point Mugu Nawc,"3,362.000000000000000",93042,Port Hueneme,Point Mugu,-119.112556996000000,34.109781132199998
655,93043,Port Hueneme CBC Base,"3,363.000000000000000",93043,Port Hueneme,Naval,-119.205921774999990,34.160584526299999
656,93060,Santa Paula,"3,364.000000000000000",93060,Santa Paula,Santa Paula,-119.104188050000000,34.379318883700002
657,93063,Simi Valley,"3,365.000000000000000",93063,Simi Valley,Santa Susana,-118.688941955000000,34.288241304899998
658,93065,Simi Valley,"3,366.000000000000000",93065,Simi Valley,Simi Valley,-118.769260810000010,34.283634259899998
659,93066,Somis,"3,367.000000000000000",93066,Somis,Somis,-119.035130184000000,34.296786334799997
660,93108,Santa Barbara,"3,056.000000000000000",93108,Santa Barbara,Montecito,-119.544236151000010,34.453860626999997
661,93225,Frazier Park,"1,981.000000000000000",93225,Frazier Park,Frazier Park,-119.120459209000000,34.879352811600000
662,93243,Lebec,"1,986.000000000000000",93243,Lebec,Lebec,-118.885192153000010,34.706614881100002
663,93252,Maricopa,"1,990.000000000000000",93252,Maricopa,Maricopa,-119.364680467000000,34.829382379099997
664,93505,California City,"2,011.000000000000000",93505,California City,California City,-117.824742331000000,35.182127051700000
665,93510,Acton,"2,334.000000000000000",93510,Acton,Acton,-118.194178024000000,34.455416839900003
666,93516,Boron,"2,012.000000000000000",93516,Boron,Boron,-117.666046145000000,35.012251718599998
667,93523,Edwards,"2,015.000000000000000",93523,Edwards,Edwards,-117.875322272999990,34.994794919800000
668,93524,Edwards,"2,835.000000000000000",93524,Edwards,Edwards,-117.650719524000000,34.908636830200003
669,93528,Johannesburg,"2,017.000000000000000",93528,Johannesburg,Johannesburg,-117.660236876000000,35.370300939200000
670,93532,Lake Hughes,"2,335.000000000000000",93532,Lake Hughes,Lake Hughes,-118.565973328000000,34.685663278100002
671,93534,Lancaster,"2,336.000000000000000",93534,Lancaster,Lancaster,-118.148490732000000,34.720126527799998
672,93535,Lancaster,"2,337.000000000000000",93535,Lancaster,Main Office Area 2,-117.893868185000000,34.733697020199997
673,93536,Lancaster,"2,338.000000000000000",93536,Lancaster,Main Office Area 3,-118.413611734000000,34.755293291699999
674,93543,Littlerock,"2,339.000000000000000",93543,Littlerock,Littlerock,-117.937261852000010,34.507544332700000
675,93544,Llano,"2,340.000000000000000",93544,Llano,Llano,-117.746692624999990,34.480955589899999
676,93550,Palmdale,"2,341.000000000000000",93550,Palmdale,Palmdale,-118.072800900999990,34.486898332800003
677,93551,Palmdale,"2,342.000000000000000",93551,Palmdale,Main Office Area 2,-118.221871244000000,34.594823549799997
678,93552,Palmdale,"2,343.000000000000000",93552,Palmdale,Palmdale,-118.021653173999990,34.578845692999998
679,93553,Pearblossom,"2,344.000000000000000",93553,Pearblossom,Pearblossom,-117.889059155000000,34.453833545499997
680,93555,Ridgecrest,"2,020.000000000000000",93555,Ridgecrest,Ridgecrest,-117.449408956000000,35.691933178799999
681,93560,Rosamond,"2,021.000000000000000",93560,Rosamond,Rosamond,-118.496980139000000,34.918965983299998
682,93562,Trona,"2,836.000000000000000",93562,Trona,Trona,-117.356876895000000,35.672607753800001
683,93563,Valyermo,"2,345.000000000000000",93563,Pearblossom,Valyermo,-117.863213191000000,34.295694999399998
684,93591,Palmdale,"2,346.000000000000000",93591,Palmdale,Palmdale,-117.813761894000000,34.603325934399997